{
    "0": [
        2.1408783595733656e-06, 
        0.6331411912807262
    ], 
    "1": [
        0.00030185237464440054, 
        0.7064923267231049
    ], 
    "2": [
        0.0, 
        0.6873068031850349
    ], 
    "3": [
        1.409416783335056e-05, 
        0.9995959671887773
    ], 
    "5": [
        5.201181708484168e-06, 
        0.7626700786418674
    ], 
    "6": [
        8.216926869350862e-05, 
        0.7195562859490551
    ], 
    "7": [
        0.0006374377240118317, 
        0.9764595366834227
    ], 
    "9": [
        5.201181708484168e-06, 
        0.09978150036416605
    ], 
    "10": [
        0.0, 
        0.6081311150381449
    ], 
    "139": [
        3.704074918183522e-05, 
        0.9991066642844381
    ], 
    "141": [
        9.576601545776155e-05, 
        0.8080398386624305
    ], 
    "14": [
        0.0, 
        0.9977341120216955
    ], 
    "15": [
        0.0, 
        0.9615260926765092
    ], 
    "16": [
        0.0, 
        0.954532787113675
    ], 
    "17": [
        0.0, 
        0.6675518300486306
    ], 
    "19": [
        5.94198248303564e-06, 
        0.8106884380904845
    ], 
    "24": [
        3.704074918183522e-05, 
        0.4963916680334591
    ], 
    "25": [
        0.00037555546389783157, 
        0.8493154253436984
    ], 
    "29": [
        2.1408783595733656e-06, 
        0.9873902264621128
    ], 
    "32": [
        0.0, 
        0.860348817986444
    ], 
    "34": [
        0.0, 
        0.6961955561538268
    ], 
    "36": [
        0.0, 
        0.4556723716381418
    ], 
    "37": [
        0.0, 
        0.5864628820960699
    ], 
    "38": [
        0.3665187623049572, 
        0.9994300911854104
    ], 
    "39": [
        0.3665187623049572, 
        0.9336851564702565
    ], 
    "40": [
        0.00030185237464440054, 
        0.9595347363471897
    ], 
    "41": [
        0.00030185237464440054, 
        0.9743654299512485
    ], 
    "42": [
        0.00030185237464440054, 
        0.963389981736815
    ], 
    "43": [
        0.00030185237464440054, 
        0.9784114785439815
    ], 
    "47": [
        0.00030185237464440054, 
        0.16784077830137462
    ], 
    "51": [
        0.0, 
        0.6953446451663466
    ], 
    "54": [
        5.867282079364769e-06, 
        0.12904891357493498
    ], 
    "56": [
        0.0, 
        0.2465314184449531
    ], 
    "57": [
        0.0005563177168288809, 
        0.9050371058515982
    ], 
    "62": [
        0.0, 
        0.9833723255267994
    ], 
    "64": [
        0.0, 
        0.9886675715773856
    ], 
    "65": [
        3.989786147462496e-05, 
        0.48037025215448453
    ], 
    "66": [
        9.294544102611767e-05, 
        0.5904359141184125
    ], 
    "11": [
        0.0, 
        0.7587090809765937
    ], 
    "70": [
        0.00017140898183064793, 
        0.9856873500171409
    ], 
    "71": [
        0.0, 
        0.6692467511304844
    ], 
    "73": [
        0.00036075036075036075, 
        0.5109026775693443
    ], 
    "80": [
        0.0, 
        0.991848166161043
    ], 
    "81": [
        0.0, 
        0.9671630800236418
    ], 
    "142": [
        0.0, 
        0.9872549019607844
    ], 
    "86": [
        0.0020309249490896514, 
        0.7670254634076725
    ], 
    "87": [
        0.004873457306160868, 
        0.7577730715165927
    ], 
    "88": [
        0.0002893779018172932, 
        0.3268555554126529
    ], 
    "89": [
        0.0009076453768093194, 
        0.5870213535517597
    ], 
    "92": [
        0.000434063662670525, 
        0.7363414634146341
    ], 
    "94": [
        0.0007796595486637502, 
        0.524550612899034
    ], 
    "96": [
        3.094212584781425e-05, 
        0.4343655626516164
    ], 
    "103": [
        5.794716377606898e-06, 
        0.758317935528977
    ], 
    "104": [
        1.3242051458611968e-05, 
        0.8501661877458055
    ], 
    "105": [
        2.2025655483507188e-05, 
        0.9336851564702565
    ], 
    "106": [
        2.0303744010395516e-06, 
        0.9660602615122229
    ], 
    "107": [
        0.0, 
        0.9798158226975184
    ], 
    "108": [
        2.2610091579567086e-05, 
        0.6405256324520905
    ], 
    "109": [
        5.794716377606898e-06, 
        0.030839480561623913
    ], 
    "113": [
        0.0012990299070572342, 
        0.9924001102481034
    ], 
    "115": [
        0.0008461129881567939, 
        0.3023995262038783
    ], 
    "117": [
        4.603994463179883e-05, 
        0.7392891357381594
    ], 
    "119": [
        9.901537031227363e-06, 
        0.6331411912807262
    ], 
    "122": [
        0.0, 
        0.9635646740682264
    ], 
    "124": [
        0.0015201285993849596, 
        0.9219143136706738
    ], 
    "125": [
        3.008190299455317e-06, 
        0.8108493391340156
    ]
}